Workbook

Sheet Dashboard
A1: Sales dashboard — live formulas over the Data sheet
A3: Total revenue | C3: Orders | E3: Avg order value | G3: Units sold
A4: =SUM(Data!H:H) | C4: =COUNTA(Data!A:A)-1 | E4: =AVERAGE(Data!H2:H1000) | G4: =SUM(Data!F:F)
A7: Month | B7: Revenue | C7: Orders | E7: Category | F7: Revenue | G7: Avg units | I7: Region | J7: Revenue
A8: 2026-01 | B8: =SUMIFS(Data!H:H,Data!C:C,A8) | C8: =COUNTIFS(Data!C:C,A8) | E8: Hardware | F8: =SUMIFS(Data!H:H,Data!E:E,E8) | G8: =AVERAGEIFS(Data!F:F,Data!E:E,E8) | I8: North | J8: =SUMIFS(Data!H:H,Data!D:D,I8)
A9: 2026-02 | B9: =SUMIFS(Data!H:H,Data!C:C,A9) | C9: =COUNTIFS(Data!C:C,A9) | E9: Software | F9: =SUMIFS(Data!H:H,Data!E:E,E9) | G9: =AVERAGEIFS(Data!F:F,Data!E:E,E9) | I9: South | J9: =SUMIFS(Data!H:H,Data!D:D,I9)
A10: 2026-03 | B10: =SUMIFS(Data!H:H,Data!C:C,A10) | C10: =COUNTIFS(Data!C:C,A10) | E10: Services | F10: =SUMIFS(Data!H:H,Data!E:E,E10) | G10: =AVERAGEIFS(Data!F:F,Data!E:E,E10) | I10: East | J10: =SUMIFS(Data!H:H,Data!D:D,I10)
A11: 2026-04 | B11: =SUMIFS(Data!H:H,Data!C:C,A11) | C11: =COUNTIFS(Data!C:C,A11) | E11: Training | F11: =SUMIFS(Data!H:H,Data!E:E,E11) | G11: =AVERAGEIFS(Data!F:F,Data!E:E,E11) | I11: West | J11: =SUMIFS(Data!H:H,Data!D:D,I11)
A12: 2026-05 | B12: =SUMIFS(Data!H:H,Data!C:C,A12) | C12: =COUNTIFS(Data!C:C,A12)
A13: 2026-06 | B13: =SUMIFS(Data!H:H,Data!C:C,A13) | C13: =COUNTIFS(Data!C:C,A13)
A14: 2026-07 | B14: =SUMIFS(Data!H:H,Data!C:C,A14) | C14: =COUNTIFS(Data!C:C,A14)
A15: 2026-08 | B15: =SUMIFS(Data!H:H,Data!C:C,A15) | C15: =COUNTIFS(Data!C:C,A15)
A16: 2026-09 | B16: =SUMIFS(Data!H:H,Data!C:C,A16) | C16: =COUNTIFS(Data!C:C,A16)

Sheet Data
A1: Order ID | B1: Date | C1: Month | D1: Region | E1: Category | F1: Units | G1: Unit price | H1: Revenue | I1: Channel
A2: SO-10000 | B2: 2026-08-28 | C2: =TEXT(DATEVALUE(B2),"yyyy-mm") | D2: West | E2: Software | F2: 18 | G2: 349 | H2: =F2*G2 | I2: Web
A3: SO-10001 | B3: 2026-09-16 | C3: =TEXT(DATEVALUE(B3),"yyyy-mm") | D3: South | E3: Hardware | F3: 21 | G3: 799 | H3: =F3*G3 | I3: Partner
A4: SO-10002 | B4: 2026-05-05 | C4: =TEXT(DATEVALUE(B4),"yyyy-mm") | D4: North | E4: Training | F4: 3 | G4: 799 | H4: =F4*G4 | I4: Partner
A5: SO-10003 | B5: 2026-03-20 | C5: =TEXT(DATEVALUE(B5),"yyyy-mm") | D5: North | E5: Hardware | F5: 1 | G5: 799 | H5: =F5*G5 | I5: Web
A6: SO-10004 | B6: 2026-04-08 | C6: =TEXT(DATEVALUE(B6),"yyyy-mm") | D6: West | E6: Services | F6: 20 | G6: 49 | H6: =F6*G6 | I6: Partner
A7: SO-10005 | B7: 2026-04-17 | C7: =TEXT(DATEVALUE(B7),"yyyy-mm") | D7: West | E7: Hardware | F7: 8 | G7: 199 | H7: =F7*G7 | I7: Direct
A8: SO-10006 | B8: 2026-02-15 | C8: =TEXT(DATEVALUE(B8),"yyyy-mm") | D8: West | E8: Hardware | F8: 21 | G8: 199 | H8: =F8*G8 | I8: Direct
A9: SO-10007 | B9: 2026-05-11 | C9: =TEXT(DATEVALUE(B9),"yyyy-mm") | D9: East | E9: Hardware | F9: 25 | G9: 99 | H9: =F9*G9 | I9: Web
A10: SO-10008 | B10: 2026-02-13 | C10: =TEXT(DATEVALUE(B10),"yyyy-mm") | D10: West | E10: Hardware | F10: 4 | G10: 199 | H10: =F10*G10 | I10: Web
A11: SO-10009 | B11: 2026-01-07 | C11: =TEXT(DATEVALUE(B11),"yyyy-mm") | D11: West | E11: Training | F11: 7 | G11: 49 | H11: =F11*G11 | I11: Direct
A12: SO-10010 | B12: 2026-07-14 | C12: =TEXT(DATEVALUE(B12),"yyyy-mm") | D12: South | E12: Services | F12: 3 | G12: 799 | H12: =F12*G12 | I12: Partner
A13: SO-10011 | B13: 2026-02-10 | C13: =TEXT(DATEVALUE(B13),"yyyy-mm") | D13: West | E13: Hardware | F13: 11 | G13: 49 | H13: =F13*G13 | I13: Web
... A361: SO-10359 | B361: 2026-02-06 | C361: =TEXT(DATEVALUE(B361),"yyyy-mm") | D361: South | E361: Training | F361: 3 | G361: 349 | H361: =F361*G361 | I361: Partner
