Workbook

Sheet Dashboard
A1: Supplier spend dashboard (sample data)
A3: Invoices processed | B3: =COUNTA(Invoices!C2:C24)
A4: Total spend | B4: =SUM(Invoices!I2:I24)
A5: Items needing a decision | B5: =COUNTA(QA!A2:A4)
A7: Supplier | B7: Spend
A8: Bluebay Office & Print Ltd | B8: =SUMIFS(Invoices!$I$2:$I$24,Invoices!$B$2:$B$24,A8)
A9: Cedar Lab Diagnostics | B9: =SUMIFS(Invoices!$I$2:$I$24,Invoices!$B$2:$B$24,A9)
A10: Northwind Medical Supply | B10: =SUMIFS(Invoices!$I$2:$I$24,Invoices!$B$2:$B$24,A10)
A12: Month | B12: Spend
A13: 2026-03 | B13: =SUMIFS(Invoices!$I$2:$I$24,Invoices!$E$2:$E$24,A13)
A14: 2026-04 | B14: =SUMIFS(Invoices!$I$2:$I$24,Invoices!$E$2:$E$24,A14)
A15: 2026-05 | B15: =SUMIFS(Invoices!$I$2:$I$24,Invoices!$E$2:$E$24,A15)
A16: 2026-06 | B16: =SUMIFS(Invoices!$I$2:$I$24,Invoices!$E$2:$E$24,A16)
A17: 2026-07 | B17: =SUMIFS(Invoices!$I$2:$I$24,Invoices!$E$2:$E$24,A17)
A18: 2026-08 | B18: =SUMIFS(Invoices!$I$2:$I$24,Invoices!$E$2:$E$24,A18)

Sheet Invoices
A1: File | B1: Supplier | C1: Invoice No | D1: Date | E1: Month | F1: PO Number | G1: Subtotal | H1: Tax | I1: Total | J1: Lines + 8% tax | K1: Check
A2: BB-2602.pdf | B2: Bluebay Office & Print Ltd | C2: BB-2602 | D2: 46202 | E2: =TEXT(D2,"yyyy-mm") | F2: PO-4101 | G2: 2668 | H2: 213.44 | I2: 2881.44 | J2: 2881.44 | K2: =IF(ABS(I2-J2)>0.01,"TOTAL MISMATCH","ok")
A3: BB-2605.pdf | B3: Bluebay Office & Print Ltd | C3: BB-2605 | D3: 46205 | E3: =TEXT(D3,"yyyy-mm") | F3: PO-4104 | G3: 3000 | H3: 240 | I3: 3240 | J3: 3240 | K3: =IF(ABS(I3-J3)>0.01,"TOTAL MISMATCH","ok")
A4: BB-2610.pdf | B4: Bluebay Office & Print Ltd | C4: BB-2610 | D4: 46184 | E4: =TEXT(D4,"yyyy-mm") | F4: PO-4109 | G4: 509.5 | H4: 40.76 | I4: 550.26 | J4: 550.26 | K4: =IF(ABS(I4-J4)>0.01,"TOTAL MISMATCH","ok")
A5: BB-2615.pdf | B5: Bluebay Office & Print Ltd | C5: BB-2615 | D5: 46216 | E5: =TEXT(D5,"yyyy-mm") | F5: PO-4114 | G5: 2047.75 | H5: 163.82 | I5: 2211.57 | J5: 2211.57 | K5: =IF(ABS(I5-J5)>0.01,"TOTAL MISMATCH","ok")
A6: BB-2620.pdf | B6: Bluebay Office & Print Ltd | C6: BB-2620 | D6: 46150 | E6: =TEXT(D6,"yyyy-mm") | F6: PO-4119 | G6: 486.9 | H6: 38.95 | I6: 525.85 | J6: 525.85 | K6: =IF(ABS(I6-J6)>0.01,"TOTAL MISMATCH","ok")
A7: BB-2621.pdf | B7: Bluebay Office & Print Ltd | C7: BB-2621 | D7: 46244 | E7: =TEXT(D7,"yyyy-mm") | F7: PO-4120 | G7: 2551.25 | H7: 204.1 | I7: 2755.35 | J7: 2755.35 | K7: =IF(ABS(I7-J7)>0.01,"TOTAL MISMATCH","ok")
A8: BB-2622.pdf | B8: Bluebay Office & Print Ltd | C8: BB-2622 | D8: 46174 | E8: =TEXT(D8,"yyyy-mm") | F8: PO-4121 | G8: 760.5 | H8: 60.84 | I8: 821.34 | J8: 821.34 | K8: =IF(ABS(I8-J8)>0.01,"TOTAL MISMATCH","ok")
A9: CL-2601.pdf | B9: Cedar Lab Diagnostics | C9: CL-2601 | D9: 46181 | E9: =TEXT(D9,"yyyy-mm") | F9: PO-4100 | G9: 1025.5 | H9: 82.04 | I9: 1107.54 | J9: 1107.54 | K9: =IF(ABS(I9-J9)>0.01,"TOTAL MISMATCH","ok")
A10: CL-2603.pdf | B10: Cedar Lab Diagnostics | C10: CL-2603 | D10: 46123 | E10: =TEXT(D10,"yyyy-mm") | F10: PO-4102 | G10: 527.75 | H10: 42.22 | I10: 569.97 | J10: 569.97 | K10: =IF(ABS(I10-J10)>0.01,"TOTAL MISMATCH","ok")
A11: CL-2607.pdf | B11: Cedar Lab Diagnostics | C11: CL-2607 | D11: 46141 | E11: =TEXT(D11,"yyyy-mm") | G11: 846 | H11: 67.68 | I11: 913.68 | J11: 913.68 | K11: =IF(ABS(I11-J11)>0.01,"TOTAL MISMATCH","ok")
A12: CL-2608.pdf | B12: Cedar Lab Diagnostics | C12: CL-2608 | D12: 46230 | E12: =TEXT(D12,"yyyy-mm") | F12: PO-4107 | G12: 1921.5 | H12: 153.72 | I12: 2075.22 | J12: 2075.22 | K12: =IF(ABS(I12-J12)>0.01,"TOTAL MISMATCH","ok")
A13: CL-2611.pdf | B13: Cedar Lab Diagnostics | C13: CL-2611 | D13: 46099 | E13: =TEXT(D13,"yyyy-mm") | F13: PO-4110 | G13: 3524 | H13: 281.92 | I13: 3805.92 | J13: 3805.92 | K13: =IF(ABS(I13-J13)>0.01,"TOTAL MISMATCH","ok")
A14: CL-2612.pdf | B14: Cedar Lab Diagnostics | C14: CL-2612 | D14: 46178 | E14: =TEXT(D14,"yyyy-mm") | F14: PO-4111 | G14: 1540 | H14: 123.2 | I14: 1713.2 | J14: 1663.2 | K14: =IF(ABS(I14-J14)>0.01,"TOTAL MISMATCH","ok")
A15: CL-2613.pdf | B15: Cedar Lab Diagnostics | C15: CL-2613 | D15: 46250 | E15: =TEXT(D15,"yyyy-mm") | F15: PO-4112 | G15: 1648 | H15: 131.84 | I15: 1779.84 | J15: 1779.84 | K15: =IF(ABS(I15-J15)>0.01,"TOTAL MISMATCH","ok")
A16: CL-2618.pdf | B16: Cedar Lab Diagnostics | C16: CL-2618 | D16: 46227 | E16: =TEXT(D16,"yyyy-mm") | F16: PO-4117 | G16: 413.4 | H16: 33.07 | I16: 446.47 | J16: 446.47 | K16: =IF(ABS(I16-J16)>0.01,"TOTAL MISMATCH","ok")
A17: CL-2619.pdf | B17: Cedar Lab Diagnostics | C17: CL-2619 | D17: 46140 | E17: =TEXT(D17,"yyyy-mm") | F17: PO-4118 | G17: 1295.8 | H17: 103.66 | I17: 1399.46 | J17: 1399.46 | K17: =IF(ABS(I17-J17)>0.01,"TOTAL MISMATCH","ok")
A18: NW-2604.pdf | B18: Northwind Medical Supply | C18: NW-2604 | D18: 46253 | E18: =TEXT(D18,"yyyy-mm") | F18: PO-4103 | G18: 2250.75 | H18: 180.06 | I18: 2430.81 | J18: 2430.81 | K18: =IF(ABS(I18-J18)>0.01,"TOTAL MISMATCH","ok")
A19: NW-2604_resent.pdf | B19: Northwind Medical Supply | C19: NW-2604 | D19: 46253 | E19: =TEXT(D19,"yyyy-mm") | F19: PO-4103 | G19: 2250.75 | H19: 180.06 | I19: 2430.81 | J19: 2430.81 | K19: =IF(ABS(I19-J19)>0.01,"TOTAL MISMATCH","ok")
A20: NW-2606.pdf | B20: Northwind Medical Supply | C20: NW-2606 | D20: 46219 | E20: =TEXT(D20,"yyyy-mm") | F20: PO-4105 | G20: 2875.5 | H20: 230.04 | I20: 3105.54 | J20: 3105.54 | K20: =IF(ABS(I20-J20)>0.01,"TOTAL MISMATCH","ok")
A21: NW-2609.pdf | B21: Northwind Medical Supply | C21: NW-2609 | D21: 46092 | E21: =TEXT(D21,"yyyy-mm") | F21: PO-4108 | G21: 3480 | H21: 278.4 | I21: 3758.4 | J21: 3758.4 | K21: =IF(ABS(I21-J21)>0.01,"TOTAL MISMATCH","ok")
A22: NW-2614.pdf | B22: Northwind Medical Supply | C22: NW-2614 | D22: 46129 | E22: =TEXT(D22,"yyyy-mm") | F22: PO-4113 | G22: 2571.25 | H22: 205.7 | I22: 2776.95 | J22: 2776.95 | K22: =IF(ABS(I22-J22)>0.01,"TOTAL MISMATCH","ok")
A23: NW-2616.pdf | B23: Northwind Medical Supply | C23: NW-2616 | D23: 46129 | E23: =TEXT(D23,"yyyy-mm") | F23: PO-4115 | G23: 441 | H23: 35.28 | I23: 476.28 | J23: 476.28 | K23: =IF(ABS(I23-J23)>0.01,"TOTAL MISMATCH","ok")
A24: NW-2617.pdf | B24: Northwind Medical Supply | C24: NW-2617 | D24: 46108 | E24: =TEXT(D24,"yyyy-mm") | F24: PO-4116 | G24: 1296.7 | H24: 103.74 | I24: 1400.44 | J24: 1400.44 | K24: =IF(ABS(I24-J24)>0.01,"TOTAL MISMATCH","ok")

Sheet LineItems
A1: Invoice No | B1: Description | C1: Qty | D1: Unit price | E1: Amount
A2: BB-2602 | B2: A4 paper, box of 5 reams | C2: 16 | D2: 88 | E2: 1408
A3: BB-2602 | B3: Printed appointment cards x500 | C3: 22 | D3: 26 | E3: 572
A4: BB-2602 | B4: Label roll 62 mm | C4: 16 | D4: 7.25 | E4: 116
A5: BB-2602 | B5: Binder clips, pack of 48 | C5: 22 | D5: 26 | E5: 572
A6: BB-2605 | B6: Printed appointment cards x500 | C6: 16 | D6: 120 | E6: 1920
A7: BB-2605 | B7: Toner cartridge 26A | C7: 9 | D7: 120 | E7: 1080
A8: BB-2610 | B8: Label roll 62 mm | C8: 12 | D8: 26 | E8: 312
A9: BB-2610 | B9: Printed appointment cards x500 | C9: 5 | D9: 39.5 | E9: 197.5
A10: BB-2615 | B10: Label roll 62 mm | C10: 15 | D10: 64 | E10: 960
A11: BB-2615 | B11: Printed appointment cards x500 | C11: 14 | D11: 12 | E11: 168
A12: BB-2615 | B12: Binder clips, pack of 48 | C12: 11 | D12: 7.25 | E12: 79.75
A13: BB-2615 | B13: Toner cartridge 26A | C13: 7 | D13: 120 | E13: 840
... A72: NW-2617 | B72: Syringe 5 ml, pack of 50 | C72: 7 | D72: 64 | E72: 448

Sheet QA
A1: File | B1: Invoice No | C1: Issue | D1: What to decide
A2: CL-2607.pdf | B2: CL-2607 | C2: No PO number | D2: Match to a purchase order or get approval
A3: CL-2612.pdf | B3: CL-2612 | C3: Stated total $1,713.20 vs lines + tax $1,663.20 | D3: Ask the supplier for a corrected invoice before paying
A4: NW-2604_resent.pdf | B4: NW-2604 | C4: Duplicate of NW-2604.pdf | D4: Same supplier + invoice number: pay once, file the copy
